{"name":"typeBebida","identifier":"JNU2RGWG8I","description":null,"slotTypeValues":[{"synonyms":null,"sampleValue":{"value":"refresco"}},{"synonyms":null,"sampleValue":{"value":"agua natural"}},{"synonyms":null,"sampleValue":{"value":"agua de jamaica"}},{"synonyms":null,"sampleValue":{"value":"agua de horchata"}},{"synonyms":null,"sampleValue":{"value":"cerveza en botella"}},{"synonyms":null,"sampleValue":{"value":"cerveza de barril"}},{"synonyms":null,"sampleValue":{"value":"litro de cerveza"}},{"synonyms":null,"sampleValue":{"value":"michelada"}},{"synonyms":null,"sampleValue":{"value":"michelato"}},{"synonyms":null,"sampleValue":{"value":"nada"}},{"synonyms":null,"sampleValue":{"value":"no"}}],"parentSlotTypeSignature":null,"valueSelectionSetting":{"regexFilter":null,"resolutionStrategy":"ORIGINAL_VALUE"}}