{"name":"typeComida","identifier":"SKRYNLJDDJ","description":null,"slotTypeValues":[{"synonyms":null,"sampleValue":{"value":"alambre vegetariano"}},{"synonyms":null,"sampleValue":{"value":"alambre de pechuga"}},{"synonyms":null,"sampleValue":{"value":"alambre de bistec"}},{"synonyms":null,"sampleValue":{"value":"alambre de chuleta"}},{"synonyms":null,"sampleValue":{"value":"alambre de costilla"}},{"synonyms":null,"sampleValue":{"value":"alambre de arrachera"}},{"synonyms":null,"sampleValue":{"value":"costra de pastor"}},{"synonyms":null,"sampleValue":{"value":"costra de pechuga"}},{"synonyms":null,"sampleValue":{"value":"costra de bistec"}},{"synonyms":null,"sampleValue":{"value":"volcán de pastor"}},{"synonyms":null,"sampleValue":{"value":"volcán de pechuga"}},{"synonyms":null,"sampleValue":{"value":"volcán de bistec"}},{"synonyms":null,"sampleValue":{"value":"torta de pastor"}},{"synonyms":null,"sampleValue":{"value":"torta de maciza"}},{"synonyms":null,"sampleValue":{"value":"torta de suadero"}},{"synonyms":null,"sampleValue":{"value":"torta de longaniza"}},{"synonyms":null,"sampleValue":{"value":"torta de pechuga"}},{"synonyms":null,"sampleValue":{"value":"torta de bistec"}},{"synonyms":null,"sampleValue":{"value":"torta de chuleta"}}],"parentSlotTypeSignature":null,"valueSelectionSetting":{"regexFilter":null,"resolutionStrategy":"ORIGINAL_VALUE"}}