{"name":"typePostre","identifier":"WHVJKOL2R3","description":null,"slotTypeValues":[{"synonyms":null,"sampleValue":{"value":"arroz con leche"}},{"synonyms":null,"sampleValue":{"value":"pastel de chocolate"}},{"synonyms":null,"sampleValue":{"value":"fresas con crema"}},{"synonyms":null,"sampleValue":{"value":"gelatina"}},{"synonyms":null,"sampleValue":{"value":"flan"}},{"synonyms":null,"sampleValue":{"value":"nada"}},{"synonyms":null,"sampleValue":{"value":"no"}}],"parentSlotTypeSignature":null,"valueSelectionSetting":{"regexFilter":null,"resolutionStrategy":"ORIGINAL_VALUE"}}